id_waktu,tanggal_lengkap,hari,bulan,kuartal,tahun
1,2022-01-01,Sabtu,Januari,Q1,2022
2,2022-01-02,Minggu,Januari,Q1,2022
3,2022-01-03,Senin,Januari,Q1,2022
4,2022-01-04,Selasa,Januari,Q1,2022
5,2022-01-05,Rabu,Januari,Q1,2022
6,2022-01-06,Kamis,Januari,Q1,2022
7,2022-01-07,Jumat,Januari,Q1,2022
8,2022-01-08,Sabtu,Januari,Q1,2022
9,2022-01-09,Minggu,Januari,Q1,2022
10,2022-01-10,Senin,Januari,Q1,2022
11,2022-01-11,Selasa,Januari,Q1,2022
12,2022-01-12,Rabu,Januari,Q1,2022
13,2022-01-13,Kamis,Januari,Q1,2022
14,2022-01-14,Jumat,Januari,Q1,2022
15,2022-01-15,Sabtu,Januari,Q1,2022
16,2022-01-16,Minggu,Januari,Q1,2022
17,2022-01-17,Senin,Januari,Q1,2022
18,2022-01-18,Selasa,Januari,Q1,2022
19,,Rabu,Januari,Q1,2022
20,2022-01-20,Kamis,Januari,Q1,2022
21,2022-01-21,Jumat,Januari,Q1,2022
22,2022-01-22,Sabtu,Januari,Q1,2022
23,2022-01-23,Minggu,Januari,Q1,2022
24,2022-01-24,Senin,Januari,Q1,2022
25,2022-01-25,Selasa,Januari,Q1,2022
26,2022-01-26,Rabu,Januari,Q1,2022
27,2022-01-27,KAMIS,Januari,Q1,2022
28,2022-01-28,Jumat,Januari,Q1,2022
29,2022-01-29,Sabtu,Januari,Q1,2022
30,2022-01-30,Minggu,Januari,Q1,2022
31,2022-01-31,Senin,Januari,Q1,2022
32,2022-02-01,Selasa,Februari,Q1,2022
33,2022-02-02,Rabu,Februari,Q1,2022
34,2022-02-03,Kamis,Februari,Q1,2022
35,2022-02-04,Jumat,Februari,Q1,2022
36,2022-02-05,Sabtu,Februari,Q1,2022
37,2022-02-06,Minggu,Februari,Q1,2022
38,2022-02-07,Senin,Februari,Q1,2022
39,2022-02-08,Selasa,Februari,Q1,2022
40,2022-02-09,Rabu,Februari,Q1,2022
41,2022-02-10,Kamis,Februari,Q1,2022
42,2022-02-11,Jumat,Februari,Q1,2022
43,2022-02-12,Sabtu,Februari,Q1,2022
44,2022-02-13,Minggu,Februari,Q1,2022
45,2022-02-14,Senin,Februari,Q1,2022
46,2022-02-15,Selasa,Februari,Q1,2022
47,2022-02-16,Rabu,Februari,Q1,2022
48,2022-02-17,Kamis,Februari,Q1,2022
49,2022-02-18,Jumat,Februari,Q1,2022
50,2022-02-19,Sabtu,Februari,Q1,2022
51,2022-02-20,Minggu,Februari,Q1,2022
52,2022-02-21,Senin,Februari,Q1,2022
53,2022-02-22,Selasa,Februari,Q1,2022
54,2022-02-23,Rabu,Februari,Q1,2022
55,2022-02-24,Kamis,Februari,Q1,2022
56,2022-02-25,Jumat,Februari,Q1,2022
57,2022-02-26,Sabtu,Februari,Q1,2022
58,2022-02-27,Minggu,Februari,Q1,2022
59,2022-02-28,Senin,Februari,Q1,2022
60,2022-03-01,Selasa,Maret,Q1,2022
61,2022-03-02,Rabu,Maret,Q1,2022
62,2022-03-03,Kamis,Maret,Q1,2022
63,2022-03-04,Jumat,Maret,Q1,2022
64,2022-03-05,Sabtu,Maret,Q1,2022
65,2022-03-06,Minggu,Maret,Q1,2022
66,2022-03-07,Senin,Maret,Q1,2022
67,2022-03-08,Selasa,Maret,Q1,2022
68,2022-03-09,Rabu,Maret,Q1,2022
69,2022-03-10,Kamis,Maret,Q1,2022
70,2022-03-11,Jumat,Maret,Q1,2022
71,2022-03-12,Sabtu,Maret,Q1,2022
72,2022-03-13,Minggu,Maret,Q1,2022
73,2022-03-14,Senin,Maret,Q1,2022
74,2022-03-15,Selasa,Maret,Q1,2022
75,2022-03-16,Rabu,Maret,Q1,2022
76,2022-03-17,Kamis,Maret,Q1,2022
77,2022-03-18,Jumat,Maret,Q1,2022
78,2022-03-19,Sabtu,Maret,Q1,2022
79,2022-03-20,Minggu,Maret,Q1!!,2022
80,2022-03-21,Senin,Maret,Q1,2022
81,2022-03-22,Selasa,Maret,Q1,2022
82,2022-03-23,Rabu,Maret,Q1,2022
83,2022-03-24,Kamis,Maret,Q1,2022
84,2022-03-25,Jumat,Maret,Q1,2022
85,2022-03-26,Sabtu,Maret,Q1,2022
86,2022-03-27,Minggu,Maret,Q1,2022
87,2022-03-28,Senin,Maret,Q1,2022
88,2022-03-29,Selasa,Maret,Q1,2022
89,2022-03-30,Rabu,Maret,Q1,2022
90,2022-03-31,Kamis,Maret,Q1,2022
91,2022-04-01,Jumat,April,Q2,2022
92,2022-04-02,Sabtu,April,Q2,2022
93,2022-04-03,Minggu,April,Q2!!,2022
94,2022-04-04,Senin,April,Q2,2022
95,2022-04-05,Selasa,April,Q2,2022
96,2022-04-06,Rabu,April,Q2,2022
97,2022-04-07,Kamis,April,Q2,2022
98,2022-04-08,Jumat,April,Q2,2022
99,2022-04-09,Sabtu,April,Q2,2022
100,2022-04-10,Minggu,April,Q2,2022
101,2022-04-11,Senin,April,Q2,2022
102,2022-04-12,Selasa,April,Q2,2022
103,2022-04-13,Rabu,April,Q2,2022
104,2022-04-14,Kamis,April,Q2,2022
105,2022-04-15,Jumat,April,Q2,2022
106,2022-04-16,Sabtu,April,Q2,2022
107,2022-04-17,Minggu,April,Q2,2022
108,2022-04-18,Senin,April,Q2,2022
109,2022-04-19,Selasa,April,Q2,2022
110,2022-04-20,Rabu,April,Q2,2022
111,2022-04-21,Kamis,April,Q2,2022
112,2022-04-22,Jumat,April,Q2,2022
113,2022-04-23,Sabtu,April!!,Q2,2022
114,2022-04-24,Minggu,April,Q2,2022
115,2022-04-25,Senin,April,Q2,2022
116,2022-04-26,Selasa,April,Q2,2022
117,2022-04-27,Rabu,April,Q2,2022
118,2022-04-28,Kamis,April,Q2,2022
119,2022-04-29,Jumat,April,Q2,2022
120,2022-04-30,Sabtu,April,Q2,2022
121,2022-05-01,Minggu,Mei,Q2,2022
122,2022-05-02,Senin,Mei,Q2,2022
123,2022-05-03,Selasa,Mei,Q2,2022
124,2022-05-04,Rabu,Mei,Q2,2022
125,2022-05-05,Kamis,Mei,Q2,2022
126,2022-05-06,Jumat,Mei,Q2,2022
127,2022-05-07,Sabtu,Mei,Q2,2022
128,2022-05-08,Minggu,Mei,Q2,2022
129,2022-05-09,Senin,Mei,Q2,2022
130,2022-05-10,Selasa,Mei,Q2,2022
131,2022-05-11,Rabu,Mei,Q2,2022
132,2022-05-12,Kamis,Mei,Q2,2022
133,2022-05-13,Jumat,Mei,Q2,2022
134,2022-05-14,Sabtu,Mei,Q2,2022
135,2022-05-15,Minggu,Mei,Q2,2022
136,2022-05-16,Senin,Mei,Q2,2022
137,2022-05-17,Selasa,Mei,Q2,2022
138,2022-05-18,Rabu,Mei,Q2,2022
139,2022-05-19,Kamis,Mei,Q2,2022
140,2022-05-20,Jumat,Mei,Q2,2022
141,2022-05-21,Sabtu,Mei,Q2,2022
142,2022-05-22,Minggu,Mei,Q2,2022
143,2022-05-23,Senin,Mei,Q2,2022
144,2022-05-24,Selasa,Mei,Q2,2022
145,2022-05-25,Rabu,Mei,Q2,2022
146,2022-05-26,Kamis!!,Mei,Q2,2022
147,2022-05-27,Jumat,Mei,Q2,2022
148,2022-05-28,Sabtu,Mei,Q2,2022
149,2022-05-29,Minggu,Mei,Q2,2022
150,2022-05-30,Senin,Mei,Q2,2022
151,2022-05-31,Selasa,Mei,Q2,2022
152,2022-06-01,Rabu,Juni,Q2,2022
153,2022-06-02,Kamis,Juni,Q2,2022
154,2022-06-03,Jumat,Juni,Q2,2022
155,2022-06-04,Sabtu,Juni,Q2,2022
156,2022-06-05,Minggu,Juni,Q2,2022
157,2022-06-06,Senin,Juni,Q2,2022
158,2022-06-07,Selasa,JUNI,Q2,2022
159,2022-06-08,Rabu,Juni,Q2,2022
160,2022-06-09,Kamis,Juni,Q2,2022
161,2022-06-10,Jumat,Juni,Q2,2022
162,2022-06-11,Sabtu,Juni,Q2,2022
163,2022-06-12,Minggu,Juni,Q2,2022
164,2022-06-13,Senin,Juni,Q2,2022
165,2022-06-14,Selasa,Juni,Q2,2022
166,2022-06-15,Rabu,Juni,Q2,2022
167,2022-06-16,Kamis,Juni,Q2,2022
168,2022-06-17,Jumat,Juni,Q2,2022
169,2022-06-18,Sabtu,Juni,Q2,2022
170,2022-06-19,Minggu,Juni,Q2,2022
171,,Senin,Juni,Q2,2022
172,2022-06-21,Selasa,Juni,Q2,2022
173,2022-06-22,Rabu,Juni,Q2,2022
174,2022-06-23,Kamis,Juni,Q2,2022
175,2022-06-24,Jumat,Juni,Q2,2022
176,2022-06-25,Sabtu,Juni,Q2,2022
177,2022-06-26,Minggu,Juni,Q2,2022
178,2022-06-27,Senin,Juni,Q2,2022
179,2022-06-28,Selasa,Juni,Q2,2022
180,2022-06-29,Rabu,Juni,Q2,2022
181,2022-06-30,Kamis,Juni,Q2,2022
182,2022-07-01,Jumat,Juli,Q3,2022
183,2022-07-02,Sabtu,Juli,Q3,2022
184,2022-07-03,Minggu,Juli,Q3,2022
185,2022-07-04,Senin,Juli,Q3,2022
186,2022-07-05,Selasa,Juli,Q3,2022
187,2022-07-06,Rabu,Juli,Q3,2022
188,2022-07-07,Kamis,Juli,Q3,2022
189,2022-07-08,Jumat,Juli,Q3,2022
190,2022-07-09,Sabtu,Juli,Q3,2022
191,2022-07-10,Minggu,Juli,Q3,2022
192,2022-07-11,Senin,Juli,Q3,2022
193,2022-07-12,Selasa,Juli,Q3,2022
194,2022-07-13,Rabu,Juli,Q3,2022
195,2022-07-14,Kamis,Juli,Q3,2022
196,2022-07-15,Jumat,Juli,Q3,2022
197,2022-07-16,Sabtu,Juli,Q3,2022
198,2022-07-17,Minggu,Juli,Q3,2022
199,2022-07-18,Senin,Juli,Q3,2022
200,2022-07-19,Selasa,Juli,Q3,2022
201,2022-07-20,Rabu,Juli,Q3,2022
202,2022-07-21,Kamis,Juli,Q3,2022
203,2022-07-22,Jumat,Juli,Q3,2022
204,2022-07-23,Sabtu,Juli,Q3,2022
205,2022-07-24,Minggu,Juli,Q3,2022
206,2022-07-25,Senin,Juli,Q3,2022
207,2022-07-26,Selasa,Juli,Q3,2022
208,2022-07-27,Rabu,Juli,Q3,2022
209,2022-07-28,Kamis,Juli,Q3,2022
210,2022-07-29,Jumat,Juli,Q3,2022
211,2022-07-30,Sabtu,Juli,Q3,2022
212,2022-07-31,Minggu,Juli,Q3,2022
213,2022-08-01,Senin,Agustus,Q3,2022
214,2022-08-02,Selasa,Agustus,Q3,2022
215,2022-08-03,Rabu,Agustus,Q3,2022
216,2022-08-04,Kamis,Agustus,Q3,2022
217,2022-08-05,Jumat,Agustus,Q3,2022
218,2022-08-06,Sabtu,Agustus,Q3,2022
219,2022-08-07,Minggu,Agustus,Q3,2022
220,2022-08-08,Senin,Agustus,Q3,2022
221,2022-08-09,Selasa,Agustus,Q3,2022
222,2022-08-10,Rabu,Agustus,Q3,2022
223,2022-08-11,Kamis,Agustus,Q3,2022
224,2022-08-12,Jumat,Agustus,Q3,2022
225,2022-08-13,Sabtu,Agustus,Q3,2022
226,2022-08-14,Minggu,Agustus,Q3,2022
227,,Senin,Agustus,Q3,2022
228,2022-08-16,Selasa,Agustus,Q3,2022
229,2022-08-17,Rabu,Agustus,Q3,2022
230,2022-08-18,Kamis,Agustus,Q3,2022
231,2022-08-19,Jumat,Agustus,Q3,2022
232,2022-08-20,Sabtu,Agustus,Q3,2022
233,2022-08-21,Minggu,Agustus,Q3,2022
234,2022-08-22,Senin,Agustus,Q3,2022
235,2022-08-23,Selasa,Agustus,Q3,2022
236,2022-08-24,Rabu,Agustus,Q3,2022
237,2022-08-25,Kamis,Agustus,Q3,2022
238,2022-08-26,Jumat,Agustus,Q3,2022
239,2022-08-27,Sabtu,Agustus,Q3,2022
240,2022-08-28,Minggu,Agustus,Q3,2022
241,2022-08-29,Senin,Agustus,Q3,2022
242,2022-08-30,Selasa,Agustus,Q3,2022
243,2022-08-31,Rabu,Agustus,Q3,2022
244,2022-09-01,Kamis,September,Q3,2022
245,2022-09-02,Jumat,September,Q3,2022
246,2022-09-03,Sabtu,September,Q3,2022
247,2022-09-04,Minggu,September,Q3,2022
248,2022-09-05,Senin,September,Q3,2022
249,2022-09-06,Selasa,September,Q3,2022
250,2022-09-07,Rabu,September,Q3,2022
251,2022-09-08,Kamis,September,Q3,2022
252,2022-09-09,Jumat,September,Q3,2022
253,2022-09-10,Sabtu,September,Q3,2022
254,2022-09-11,Minggu,September,Q3,2022
255,2022-09-12,Senin,September,Q3,2022
256,2022-09-13,Selasa,September,Q3,2022
257,,Rabu,September,Q3,2022
258,2022-09-15,Kamis,September,Q3,2022
259,2022-09-16,Jumat,September,Q3,2022
260,2022-09-17,Sabtu,September,Q3,2022
261,2022-09-18,Minggu,September,Q3,2022
262,2022-09-19,Senin,September,Q3,2022
263,2022-09-20,Selasa,September,Q3,2022
264,2022-09-21,Rabu,September,Q3,2022
265,2022-09-22,Kamis,September,Q3,2022
266,2022-09-23,Jumat,September,Q3,2022
267,2022-09-24,Sabtu,September,Q3,2022
268,2022-09-25,Minggu,September,Q3,2022
269,2022-09-26,Senin,September,Q3,2022
270,2022-09-27,Selasa,September,Q3,2022
271,2022-09-28,Rabu,September,Q3,2022
272,2022-09-29,Kamis,September,Q3,2022
273,2022-09-30,Jumat,September,Q3,2022
274,2022-10-01,Sabtu,Oktober,Q4,2022
275,2022-10-02,Minggu,Tidak Diketahui,Q4,2022
276,2022-10-03,Senin,Oktober,Q4,2022
277,2022-10-04,Selasa,Oktober,Q4,2022
278,2022-10-05,Rabu,Oktober,Q4,2022
279,2022-10-06,Kamis,Oktober,Q4,2022
280,2022-10-07,Jumat,Oktober,Q4,2022
281,2022-10-08,Sabtu,Oktober,Q4,2022
282,2022-10-09,Minggu,Oktober,Q4,2022
283,,Senin,Oktober,Q4,2022
284,2022-10-11,Selasa!!,Oktober,Q4,2022
285,2022-10-12,Rabu,Oktober,Q4,2022
286,2022-10-13,Kamis,Oktober,Q4,2022
287,2022-10-14,Jumat,Oktober,Q4,2022
288,2022-10-15,Sabtu,Oktober,Q4,2022
289,2022-10-16,Minggu,Oktober,Q4,2022
290,2022-10-17,Senin,Oktober,Q4,2022
291,2022-10-18,Selasa,Oktober,Q4,2022
292,2022-10-19,Rabu,Oktober,Q4,2022
293,2022-10-20,Kamis,Oktober,Q4,2022
294,2022-10-21,Jumat,Oktober,Q4,2022
295,2022-10-22,Sabtu,Oktober,Q4,2022
296,2022-10-23,Minggu,Oktober,Q4,2022
297,2022-10-24,Senin,Oktober,Q4,2022
298,2022-10-25,Selasa,Oktober,Q4,2022
299,2022-10-26,Rabu,Oktober,Q4,2022
300,2022-10-27,Kamis,Oktober,Q4,2022
301,2022-10-28,Jumat,Oktober,Q4,2022
302,2022-10-29,Sabtu,Oktober,Q4,2022
303,2022-10-30,Minggu,Oktober,Q4,2022
304,2022-10-31,Senin,Oktober,Q4,2022
305,2022-11-01,Selasa,November,Q4,2022
306,,Rabu,November,Q4,2022
307,2022-11-03,Kamis,November,Q4,2022
308,2022-11-04,Jumat,November,Q4,2022
309,2022-11-05,Sabtu,November,Q4,2022
310,2022-11-06,Minggu,November,Q4,2022
311,2022-11-07,Senin,November,Q4,2022
312,2022-11-08,Selasa,November,Q4,2022
313,2022-11-09,Rabu,November,Q4,2022
314,2022-11-10,Kamis,November,Q4,2022
315,2022-11-11,Jumat,November,Q4,2022
316,2022-11-12,Sabtu,November,Q4,2022
317,2022-11-13,Minggu,November,Q4,2022
318,2022-11-14,Senin,November,Q4,2022
319,2022-11-15,Selasa,November,Q4,2022
320,2022-11-16,Rabu,November,Q4,2022
321,2022-11-17,Kamis,November,Q4,2022
322,2022-11-18,Jumat,November,Q4,2022
323,2022-11-19,Sabtu,November,Q4,2022
324,,Minggu,November,Q4,2022
325,2022-11-21,Senin,November,Q4,2022
326,2022-11-22,Selasa,November,Q4,2022
327,2022-11-23,Rabu,November,Q4,2022
328,2022-11-24,Kamis,November,Q4,2022
329,2022-11-25,Jumat,November,Q4,2022
330,2022-11-26,Sabtu,November,Q4,2022
331,2022-11-27,Minggu,November,Q4,2022
332,2022-11-28,Senin,November,Q4,2022
333,2022-11-29,Selasa,November,Q4,2022
334,2022-11-30,Rabu,November,Q4,2022
335,2022-12-01,Kamis,Desember,Q4,2022
336,2022-12-02,Jumat,Desember,Q4,2022
337,2022-12-03,Sabtu,Desember,Q4,2022
338,2022-12-04,Minggu,Desember,Q4,2022
339,2022-12-05,Senin,Desember,Q4,2022
340,2022-12-06,Selasa,Desember,Q4,2022
341,2022-12-07,Rabu,Desember,Q4,2022
342,2022-12-08,Kamis,Desember,Q4,2022
343,2022-12-09,Jumat,Desember!!,Q4,2022
344,2022-12-10,Sabtu,Desember,Q4,2022
345,2022-12-11,Minggu,Desember,Q4,2022
346,2022-12-12,Senin,Desember,Q4,2022
347,2022-12-13,Selasa,Desember,Q4,2022
348,2022-12-14,Rabu,Desember,Q4,2022
349,2022-12-15,Kamis,Desember,Q4,2022
350,2022-12-16,Jumat,Desember,Q4,2022
351,2022-12-17,Sabtu,Desember,Q4,2022
352,2022-12-18,Minggu,Desember,Q4,2022
353,2022-12-19,Senin,Desember,Q4,2022
354,2022-12-20,Selasa,Desember,Q4,2022
355,2022-12-21,Rabu,Desember,Q4,2022
356,2022-12-22,Kamis,Desember,Q4,2022
357,2022-12-23,Jumat,Desember,Q4,2022
358,2022-12-24,Sabtu,Desember,Q4,2022
359,2022-12-25,Minggu,Desember,Q4,2022
360,2022-12-26,Senin,Desember,Q4,2022
361,2022-12-27,Selasa,Desember,Q4,2022
362,2022-12-28,Rabu,Desember,Q4,2022
363,2022-12-29,Kamis,Desember,Q4,2022
364,2022-12-30,Jumat,Desember,Q4,2022
365,2022-12-31,Sabtu,Desember,Q4,2022
366,2023-01-01,Minggu,Januari,Q1,2023
367,2023-01-02,Senin,Januari,Q1,2023
368,2023-01-03,Selasa,Januari,Q1,2023
369,,Rabu,Januari,Q1,2023
370,2023-01-05,Kamis,Januari,Q1,2023
371,2023-01-06,Jumat,Januari,Q1,2023
372,2023-01-07,Sabtu,Januari,Q1,2023
373,2023-01-08,Minggu,Januari,Q1,2023
374,2023-01-09,Senin,Januari,Q1,2023
375,2023-01-10,Selasa,Januari,Q1,2023
376,2023-01-11,Rabu,Januari,Q1,2023
377,2023-01-12,Kamis,Januari,Q1,2023
378,2023-01-13,Jumat,Januari,Q1,2023
379,2023-01-14,Sabtu,Januari,Q1,2023
380,2023-01-15,Minggu,Januari,Q1,2023
381,2023-01-16,Senin,Januari,Q1,2023
382,2023-01-17,Selasa,Januari,Q1,2023
383,2023-01-18,Rabu,Januari,Q1,2023
384,2023-01-19,Kamis,Januari,Q1,2023
385,2023-01-20,Jumat,Januari,Q1,2023
386,2023-01-21,Sabtu,Januari,Q1,2023
387,2023-01-22,Minggu,Januari,Q1,2023
388,2023-01-23,Senin,Januari,Q1,2023
389,2023-01-24,Selasa,Januari,Q1,2023
390,2023-01-25,Rabu,Januari,Q1,2023
391,2023-01-26,Kamis,Januari,Q1,2023
392,2023-01-27,Jumat,Januari,Q1,2023
393,2023-01-28,Sabtu,Januari,Q1,2023
394,2023-01-29,Minggu,Januari,Q1,2023
395,2023-01-30,Senin,Januari,Q1,2023
396,2023-01-31,Selasa,Januari,Q1,2023
397,2023-02-01,Rabu,Februari,Q1,2023
398,2023-02-02,Kamis,Februari,Q1,2023
399,2023-02-03,Jumat,Februari,Q1,2023
400,2023-02-04,Sabtu,Februari,Q1,2023
401,2023-02-05,Minggu,Februari,Q1,2023
402,2023-02-06,Senin,Februari,Q1,2023
403,2023-02-07,Selasa,Februari,Q1,2023
404,2023-02-08,Rabu,Februari,Q1,2023
405,2023-02-09,Kamis,Februari,Q1,2023
406,2023-02-10,Jumat,Februari,Q1,2023
407,2023-02-11,Sabtu,Februari,Q1,2023
408,2023-02-12,Minggu,Februari,Q1,2023
409,2023-02-13,Senin,Februari,Q1,2023
410,2023-02-14,Selasa,Februari,Q1,2023
411,2023-02-15,Rabu,Februari,Q1,2023
412,2023-02-16,Kamis,Februari,Q1,2023
413,2023-02-17,Jumat,Februari,Q1,2023
414,2023-02-18,Sabtu,Februari,Q1,2023
415,2023-02-19,Minggu,Februari,Q1,2023
416,2023-02-20,Senin,Februari,Q1,2023
417,2023-02-21,Selasa,Februari,Q1,2023
418,2023-02-22,Rabu,Februari,Q1,2023
419,2023-02-23,Kamis,Februari,Q1,2023
420,2023-02-24,Jumat,Februari,Q1,2023
421,2023-02-25,Sabtu,Februari,Q1,2023
422,2023-02-26,Minggu,Februari,Q1,2023
423,2023-02-27,Senin,Februari,Q1,2023
424,2023-02-28,Selasa,Februari,Q1,2023
425,2023-03-01,Rabu,Maret,Q1,2023
426,2023-03-02,Kamis,Maret,Q1,2023
427,2023-03-03,Jumat,Maret,Q1,2023
428,2023-03-04,Sabtu,Maret,Q1,2023
429,2023-03-05,Minggu,Maret,Q1,2023
430,2023-03-06,Senin,Maret,Q1,2023
431,2023-03-07,Selasa,Maret,Q1,2023
432,2023-03-08,Rabu,Maret,Q1,2023
433,2023-03-09,Kamis,Maret,Q1,2023
434,2023-03-10,Jumat,Maret,Q1,2023
435,2023-03-11,Sabtu,Maret,Q1,2023
436,2023-03-12,Minggu,Maret,Q1,2023
437,2023-03-13,Senin,Maret,Q1,2023
438,2023-03-14,Selasa,Maret,Q1,2023
439,2023-03-15,Rabu,Maret,Q1,2023
440,2023-03-16,Kamis,Maret,Q1,2023
441,2023-03-17,Jumat,Maret,Q1,2023
442,2023-03-18,Sabtu,Maret,Q1,2023
443,2023-03-19,Minggu,Maret,Q1,2023
444,2023-03-20,Senin,Maret,Q1,2023
445,2023-03-21,Selasa,Maret,Q1,2023
446,2023-03-22,Rabu,Maret,Q1,2023
447,2023-03-23,Kamis,Maret,Q1,2023
448,2023-03-24,Jumat,Maret,Q1,2023
449,2023-03-25,Sabtu,Maret,Q1,2023
450,2023-03-26,Minggu,Maret,Q1,2023
451,2023-03-27,Senin,Maret,Q1,2023
452,2023-03-28,Selasa,Maret,Q1,2023
453,2023-03-29,Rabu,Maret,Q1,2023
454,,Kamis,Maret,Q1,
455,2023-03-31,Jumat,Maret,Q1,2023
456,2023-04-01,Sabtu,April,Q2,2023
457,2023-04-02,Minggu,April,Q2,2023
458,2023-04-03,Senin,April,Q2,2023
459,2023-04-04,Selasa,April,Q2,2023
460,2023-04-05,Rabu,April,Q2,2023
461,2023-04-06,Kamis,April,Q2,2023
462,2023-04-07,Jumat,April,Q2,2023
463,2023-04-08,Sabtu,April,Q2,2023
464,2023-04-09,Minggu,April,Q2,2023
465,2023-04-10,Senin,April,Q2,2023
466,2023-04-11,Selasa,April,Q2,2023
467,2023-04-12,Rabu,April,Q2,2023
468,2023-04-13,Kamis,April,Q2,2023
469,2023-04-14,Jumat,April,Q2,2023
470,2023-04-15,Sabtu,April,Q2,2023
471,2023-04-16,Minggu,April,Q2,2023
472,2023-04-17,Senin,April,Q2,2023
473,2023-04-18,Selasa,April,Q2,2023
474,2023-04-19,Rabu,April,Q2,2023
475,2023-04-20,Kamis,April,Q2,2023
476,2023-04-21,Jumat,April,Q2,2023
477,2023-04-22,Sabtu,April,Q2,2023
478,2023-04-23,Minggu,April,Q2,2023
479,2023-04-24,Senin,April,Q2,2023
480,2023-04-25,Selasa,April,Q2,2023
481,2023-04-26,Rabu,April,Q2,2023
482,2023-04-27,Kamis,April,Q2,2023
483,,Jumat,April,Q2,2023
484,2023-04-29,Sabtu,April,Q2,2023
485,2023-04-30,Minggu,April,Q2,2023
486,2023-05-01,Senin,Mei,Q2,2023
487,2023-05-02,Selasa,Mei,Q2,2023
488,2023-05-03,Rabu,Mei,Q2,2023
489,,Kamis,Mei,Q2,2023
490,2023-05-05,Jumat,Mei,Q2,2023
491,2023-05-06,Sabtu,Mei,Q2,2023
492,2023-05-07,Minggu,Mei,Q2,2023
493,2023-05-08,Senin,Mei,Q2,2023
494,2023-05-09,Selasa,Mei,Q2,2023
495,2023-05-10,Rabu,Mei,Q2,2023
496,2023-05-11,Kamis,Mei,Q2,2023
497,2023-05-12,Jumat,Mei,Q2,2023
498,2023-05-13,Sabtu,Mei,Q2,2023
499,2023-05-14,Minggu,Mei,Q2,2023
500,2023-05-15,Senin,Mei,Q2,2023
501,2023-05-16,Selasa,Mei,Q2,2023
502,2023-05-17,Rabu,Mei,Q2,2023
503,2023-05-18,Kamis,Mei,Q2,2023
504,2023-05-19,Jumat,Mei,Q2,2023
505,2023-05-20,Sabtu,Mei,Q2,2023
506,2023-05-21,Minggu,Mei,Q2,2023
507,2023-05-22,Senin,Mei,Q2,2023
508,2023-05-23,Selasa,Mei,Q2,2023
509,2023-05-24,Rabu,Mei,Q2,2023
510,2023-05-25,Kamis,Mei,Q2,2023
511,2023-05-26,Jumat,Mei,Q2,2023
512,2023-05-27,Sabtu,Mei,Q2,2023
513,2023-05-28,Minggu!!,Mei,Q2,2023
514,2023-05-29,Senin,Mei,Q2,2023
515,2023-05-30,Selasa,Mei,Q2,2023
516,2023-05-31,Rabu,Mei,Q2,2023
517,2023-06-01,Kamis,Juni,Q2,2023
518,2023-06-02,Jumat,Juni,Q2,2023
519,2023-06-03,Sabtu,Juni,Q2,2023
520,2023-06-04,Minggu,Juni,Q2,2023
521,2023-06-05,Senin,Juni,Q2,2023
522,2023-06-06,Selasa,Juni,Q2,2023
523,2023-06-07,Rabu,Juni,Q2,2023
524,2023-06-08,Kamis,Juni,Q2,2023
525,2023-06-09,Jumat,Juni,Q2,2023
526,2023-06-10,Sabtu,Juni,Q2,2023
527,2023-06-11,Minggu,Juni,Q2,2023
528,2023-06-12,Senin,Juni,Q2,2023
529,2023-06-13,Selasa,Juni,Q2,2023
530,2023-06-14,Rabu,Juni,Q2,2023
531,2023-06-15,Kamis,Juni,Q2,2023
532,,Jumat,Juni,Q2,2023
533,2023-06-17,Sabtu,Juni,Q2,2023
534,2023-06-18,Minggu,Juni,Q2,2023
535,2023-06-19,Senin,Juni,Q2,2023
536,2023-06-20,Selasa,Juni,Q2,2023
537,2023-06-21,Rabu,Juni,Q2,2023
538,2023-06-22,Kamis,Juni,Q2,2023
539,2023-06-23,Jumat,Juni,Q2,2023
540,2023-06-24,Sabtu,Juni,Q2,2023
541,2023-06-25,Minggu,Juni,Q2,2023
542,2023-06-26,Senin,Juni,Q2,2023
543,2023-06-27,Selasa,Juni,Q2,2023
544,2023-06-28,Rabu,Juni,Q2,2023
545,2023-06-29,Kamis,Juni,Q2,2023
546,2023-06-30,Jumat,Juni,Q2,2023
547,2023-07-01,Sabtu,Juli,Q3,2023
548,2023-07-02,Minggu,Juli,Q3,2023
549,2023-07-03,SENIN,Juli,Q3,2023
550,2023-07-04,Selasa,Juli,Q3,2023
551,2023-07-05,Rabu,Juli,Q3,2023
552,2023-07-06,Kamis,Juli,Q3,2023
553,2023-07-07,Jumat,Juli,Q3,2023
554,2023-07-08,Sabtu,Juli,Q3,2023
555,2023-07-09,Minggu,Juli,Q3,2023
556,2023-07-10,Senin,Juli,Q3,2023
557,2023-07-11,Selasa,Juli,Q3,2023
558,2023-07-12,Rabu,Juli,Q3,2023
559,2023-07-13,Kamis,Juli,Q3,2023
560,2023-07-14,Jumat,Juli,Q3,2023
561,2023-07-15,Sabtu,JULI,Q3,2023
562,2023-07-16,Minggu,Juli,Q3,2023
563,2023-07-17,Senin,Juli,Q3,2023
564,2023-07-18,Selasa,Juli,Q3,2023
565,2023-07-19,Rabu,Juli,Q3,2023
566,2023-07-20,Kamis,Juli,Q3,2023
567,2023-07-21,Jumat,Juli,Q3,2023
568,2023-07-22,Sabtu,Juli,Q3,2023
569,2023-07-23,Minggu,Juli,Q3,2023
570,2023-07-24,Senin,Juli,Q3,2023
571,2023-07-25,Selasa,Juli,Q3,2023
572,2023-07-26,Rabu,Juli,Q3,2023
573,2023-07-27,Kamis,Juli,Q3,2023
574,2023-07-28,Jumat,Juli,Q3,2023
575,2023-07-29,Sabtu,Juli,Q3,2023
576,2023-07-30,Minggu,Juli,Q3,2023
577,2023-07-31,Senin,Juli,Q3,2023
578,2023-08-01,Selasa,Agustus,Q3,2023
579,2023-08-02,Rabu,Agustus,Q3,2023
580,2023-08-03,Kamis,Agustus,Q3,2023
581,2023-08-04,Jumat,Agustus,Q3,2023
582,2023-08-05,Sabtu,Agustus,Q3,2023
583,,Minggu,Agustus,Q3,2023
584,2023-08-07,Senin,Agustus,Q3,2023
585,2023-08-08,Selasa,Agustus,Q3,2023
586,2023-08-09,Rabu,Agustus,Q3,2023
587,2023-08-10,Kamis,Agustus,Q3,2023
588,2023-08-11,Jumat,Agustus,Q3,2023
589,2023-08-12,Sabtu,Agustus,Q3,2023
590,2023-08-13,Minggu,Agustus,Q3,2023
591,2023-08-14,Senin,Agustus,Q3,2023
592,2023-08-15,Selasa,Agustus,Q3,2023
593,2023-08-16,Rabu,Agustus,Q3,2023
594,2023-08-17,Kamis,Agustus,Q3,2023
595,2023-08-18,Jumat,Agustus,Q3,2023
596,2023-08-19,Sabtu,Agustus,Q3,2023
597,2023-08-20,Minggu,Agustus,Q3,2023
598,2023-08-21,Senin,Agustus,Q3,2023
599,2023-08-22,Selasa,Agustus,Q3,2023
600,2023-08-23,Rabu,Agustus,Q3,2023
601,2023-08-24,Kamis,Agustus,Q3,2023
602,2023-08-25,Jumat,Agustus,Q3,2023
603,2023-08-26,Sabtu,Agustus,Q3,2023
604,2023-08-27,Minggu,Agustus,Q3,2023
605,2023-08-28,Senin,Agustus,Q3,2023
606,2023-08-29,Selasa,Agustus,Q3,2023
607,2023-08-30,Rabu,Agustus,Q3,2023
608,2023-08-31,Kamis,Agustus,Q3,2023
609,2023-09-01,Jumat,September,Q3,2023
610,2023-09-02,Sabtu,September,Q3,2023
611,2023-09-03,Minggu,September,Q3,2023
612,,Senin,September,Q3,2023
613,2023-09-05,Selasa,September,Q3,2023
614,2023-09-06,Rabu,September,Q3,2023
615,2023-09-07,Kamis,September,Q3,2023
616,2023-09-08,Jumat,SEPTEMBER,Q3,2023
617,2023-09-09,Sabtu,September,Q3,2023
618,2023-09-10,Minggu,September,Q3,2023
619,2023-09-11,Senin,September,Q3,2023
620,2023-09-12,Selasa,September,Q3,2023
621,2023-09-13,RABU,September,Q3,2023
622,2023-09-14,Kamis,September,Q3,2023
623,2023-09-15,Jumat,September,Q3,2023
624,2023-09-16,Sabtu,September,Q3,2023
625,2023-09-17,Minggu,September,Q3,2023
626,2023-09-18,Senin,September!!,Q3,2023
627,2023-09-19,Selasa,September,Q3,2023
628,2023-09-20,Rabu,September,Q3,2023
629,2023-09-21,Kamis,September,Q3,2023
630,2023-09-22,Jumat,September,Q3,2023
631,2023-09-23,Sabtu,September,Q3,2023
632,2023-09-24,Minggu,September,Q3,2023
633,2023-09-25,Senin,September,Q3,2023
634,2023-09-26,Selasa,September,Q3,2023
635,2023-09-27,Rabu,September,Q3,2023
636,2023-09-28,Kamis,September,Q3,2023
637,2023-09-29,Jumat,September,Q3,2023
638,2023-09-30,Sabtu,September,Q3,2023
639,2023-10-01,Minggu,Oktober,Q4,2023
640,2023-10-02,Senin,Oktober,Q4,2023
641,2023-10-03,Selasa,Oktober,Q4,2023
642,2023-10-04,Rabu,Oktober,Q4,2023
643,2023-10-05,Kamis,Oktober,Q4,2023
644,2023-10-06,Jumat,Oktober,Q4,2023
645,2023-10-07,Sabtu,Oktober,Q4,2023
646,2023-10-08,Minggu,Oktober,Q4,2023
647,2023-10-09,Senin,Oktober,Q4,2023
648,2023-10-10,Selasa,Oktober,Q4,2023
649,2023-10-11,Rabu,Oktober,Q4,2023
650,2023-10-12,Kamis,Oktober,Q4,2023
651,2023-10-13,Jumat,Oktober,Q4,2023
652,2023-10-14,Sabtu,Oktober,Q4,2023
653,2023-10-15,Minggu,Oktober,Q4,2023
654,2023-10-16,Senin,Oktober,Q4,2023
655,2023-10-17,Selasa,Oktober,Q4,2023
656,2023-10-18,Rabu,Oktober,Q4,2023
657,2023-10-19,Kamis!!,Oktober,Q4,2023
658,2023-10-20,Jumat,Oktober,Q4,2023
659,2023-10-21,Sabtu,Oktober!!,Q4,2023
660,2023-10-22,Minggu,Oktober,Q4,2023
661,2023-10-23,Senin,Oktober,Q4,2023
662,2023-10-24,Selasa,Oktober,Q4,2023
663,2023-10-25,Rabu,Oktober,Q4,2023
664,2023-10-26,Kamis,Oktober,Q4,2023
665,2023-10-27,Jumat,Oktober,Q4,2023
666,2023-10-28,Sabtu,Oktober,Q4,2023
667,2023-10-29,Minggu,Oktober,Q4,2023
668,2023-10-30,Senin,Oktober,Q4,2023
669,2023-10-31,Selasa,Oktober,Q4,2023
670,2023-11-01,Rabu,November,Q4,2023
671,2023-11-02,Kamis,November,Q4,2023
672,2023-11-03,Jumat,November,Q4,2023
673,2023-11-04,Sabtu,November,Q4,2023
674,2023-11-05,Minggu,November,Q4,2023
675,2023-11-06,Senin,November,Q4,2023
676,2023-11-07,Selasa,November,Q4,2023
677,2023-11-08,Rabu,November,Q4,2023
678,2023-11-09,Kamis,November,Q4,2023
679,2023-11-10,Jumat,November,Q4,2023
680,2023-11-11,Sabtu,November,Q4,2023
681,2023-11-12,Minggu,November,Q4,2023
682,2023-11-13,Senin,November,Q4,2023
683,2023-11-14,Selasa,November,Q4,2023
684,2023-11-15,Rabu,November,Q4,2023
685,2023-11-16,Kamis,November,Q4,2023
686,2023-11-17,Jumat,November,Q4,2023
687,2023-11-18,Sabtu,November,Q4,2023
688,2023-11-19,Minggu,November,Q4,2023
689,2023-11-20,Senin,November,Q4,2023
690,2023-11-21,Selasa,November,Q4,2023
691,2023-11-22,Rabu,November,Q4,2023
692,2023-11-23,Kamis,November,Q4,2023
693,2023-11-24,Jumat,November,Q4,2023
694,2023-11-25,Sabtu,November,Q4,2023
695,2023-11-26,Minggu,November,Q4,2023
696,2023-11-27,Senin,November,Q4,2023
697,2023-11-28,Selasa,November,Q4,2023
698,2023-11-29,Rabu,November,Q4,2023
699,2023-11-30,Kamis,November,Q4,2023
700,2023-12-01,Jumat,Desember,Q4,2023
701,2023-12-02,SABTU,Desember,Q4,2023
702,2023-12-03,Minggu,Desember,Q4,2023
703,2023-12-04,Senin,Desember,Q4,2023
704,2023-12-05,Selasa,Desember,Q4,2023
705,2023-12-06,Rabu,Desember,Q4,2023
706,2023-12-07,Kamis,Desember,Q4,2023
707,2023-12-08,Jumat,Desember,Q4,2023
708,2023-12-09,Sabtu,Desember,Q4,2023
709,2023-12-10,Minggu,Desember,Q4,2023
710,2023-12-11,Senin,Desember,Q4,2023
711,2023-12-12,Selasa,Desember,Q4,2023
712,2023-12-13,Rabu,Desember,Q4,2023
713,2023-12-14,Kamis,Desember,Q4,2023
714,2023-12-15,Jumat,Desember,Q4,2023
715,2023-12-16,Sabtu,Desember,Q4,2023
716,,Minggu,Tidak Diketahui,Q4,2023
717,2023-12-18,Senin!!,Desember,Q4,2023
718,2023-12-19,Selasa,Desember,Q4,2023
719,2023-12-20,Rabu,Desember,Q4,2023
720,2023-12-21,Kamis,Desember,Q4,2023
721,2023-12-22,Jumat,Desember,Q4,2023
722,2023-12-23,Sabtu,Desember,Q4,2023
723,2023-12-24,Minggu,Desember,Q4,2023
724,2023-12-25,Senin,Desember,Q4,2023
725,2023-12-26,Selasa,Desember,Q4,2023
726,2023-12-27,Rabu,Desember,Q4,2023
727,2023-12-28,Kamis,Desember,Q4,2023
728,2023-12-29,Jumat,Desember,Q4,2023
729,2023-12-30,Sabtu,Desember,Q4,2023
730,2023-12-31,Minggu,Desember,Q4,2023
731,2024-01-01,Senin,Januari,Q1,2024
732,2024-01-02,Selasa,JANUARI,Q1,2024
733,2024-01-03,Rabu,Januari,Q1,2024
734,2024-01-04,Kamis,Januari,Q1,2024
735,2024-01-05,Jumat,Januari,Q1,2024
736,2024-01-06,Sabtu,Januari,Q1,2024
737,2024-01-07,Minggu,Januari,Q1,2024
738,2024-01-08,Senin,Januari,Q1,2024
739,2024-01-09,Selasa,Januari,Q1,2024
740,2024-01-10,Rabu,Januari,Q1,2024
741,2024-01-11,Kamis,Januari,Q1,2024
742,2024-01-12,Jumat,Januari,Q1,2024
743,2024-01-13,Sabtu,Januari,Q1,2024
744,2024-01-14,Minggu,Januari,Q1,2024
745,2024-01-15,Senin,Januari,Q1,2024
746,2024-01-16,Selasa,Januari,Q1,2024
747,2024-01-17,Rabu,Januari,Q1,2024
748,2024-01-18,Kamis,Januari,Q1,2024
749,2024-01-19,Jumat,Januari,Q1,2024
750,2024-01-20,Sabtu,Januari,Q1,2024
751,2024-01-21,Minggu,Januari,Q1,2024
752,2024-01-22,Senin,Januari,Q1,2024
753,2024-01-23,Selasa,Januari,Q1,2024
754,2024-01-24,Rabu,Januari,Q1,2024
755,2024-01-25,Kamis,Januari,Q1,2024
756,2024-01-26,Jumat,Januari,Q1,2024
757,2024-01-27,Sabtu,Januari,Q1,2024
758,2024-01-28,Minggu,Januari,Q1,2024
759,2024-01-29,Senin,Januari,Q1,2024
760,2024-01-30,Selasa,Januari,Q1,2024
761,2024-01-31,Rabu,Januari,Q1,2024
762,2024-02-01,Kamis,Februari,Q1,2024
763,2024-02-02,Jumat,Februari,Q1,2024
764,2024-02-03,Sabtu,Februari,Q1,2024
765,2024-02-04,Minggu,Februari,Q1,2024
766,2024-02-05,Senin,Februari,Q1,2024
767,2024-02-06,Selasa,Februari,Q1,2024
768,2024-02-07,Rabu,Februari,Q1,2024
769,2024-02-08,Kamis,Februari,Q1,2024
770,2024-02-09,Jumat,Februari,Q1,2024
771,2024-02-10,Sabtu,Februari,Q1,2024
772,2024-02-11,Minggu,Februari,Q1,2024
773,2024-02-12,Senin,Februari,Q1,2024
774,2024-02-13,Selasa,Februari,Q1,2024
775,2024-02-14,Rabu,Februari,Q1,2024
776,2024-02-15,Kamis,Februari,Q1,2024
777,2024-02-16,Jumat,Februari,Q1,2024
778,2024-02-17,Sabtu,Februari,Q1,2024
779,2024-02-18,Minggu,Februari,Q1,2024
780,2024-02-19,Senin,Februari,Q1,2024
781,2024-02-20,Selasa,Februari,Q1,2024
782,2024-02-21,Rabu,Februari,Q1,2024
783,2024-02-22,Kamis,Februari,Q1,2024
784,2024-02-23,Jumat,Februari,Q1,2024
785,2024-02-24,Sabtu,Februari,Q1,2024
786,2024-02-25,Minggu,Februari,Q1,2024
787,2024-02-26,Senin,Februari,Q1,2024
788,2024-02-27,Selasa,Februari,Q1,2024
789,2024-02-28,Rabu,Februari,Q1,2024
790,2024-02-29,Kamis,Februari,Q1,2024
791,2024-03-01,Jumat,Maret,Q1,2024
792,2024-03-02,Sabtu,Maret,Q1,2024
793,2024-03-03,Minggu,Maret,Q1,2024
794,,Senin,Maret,Q1,2024
795,2024-03-05,Selasa,Maret,Q1,2024
796,2024-03-06,Rabu,Maret,Q1,2024
797,2024-03-07,Kamis,Maret,Q1,2024
798,2024-03-08,Jumat,Maret,Q1,2024
799,2024-03-09,Sabtu,Maret,Q1,2024
800,2024-03-10,Minggu,Maret,Q1,2024
801,2024-03-11,Senin,Maret,Q1,2024
802,2024-03-12,Selasa,Maret,Q1,2024
803,2024-03-13,Rabu,Maret,Q1,2024
804,2024-03-14,Kamis,Maret,Q1,2024
805,2024-03-15,Jumat,Maret,Q1,2024
806,2024-03-16,Sabtu,Maret,Q1,2024
807,2024-03-17,Minggu,Maret,Q1,2024
808,2024-03-18,Senin,Maret,Q1,2024
809,2024-03-19,Selasa,Maret,Q1,2024
810,2024-03-20,Rabu,Maret,Q1,2024
811,2024-03-21,Kamis,Maret,Q1,2024
812,2024-03-22,Jumat,Maret,Q1,2024
813,2024-03-23,Sabtu,Maret,Q1,2024
814,2024-03-24,Minggu,Maret,Q1,2024
815,2024-03-25,Senin,Maret,Q1,2024
816,2024-03-26,Selasa,Maret,Q1,2024
817,2024-03-27,Rabu,Maret,Q1,2024
818,2024-03-28,Kamis,Maret,Q1,2024
819,2024-03-29,Jumat,Maret,Q1,2024
820,2024-03-30,Sabtu,Maret,Q1,2024
821,2024-03-31,Minggu,Maret,Q1,2024
822,2024-04-01,Senin,April,Q2,2024
823,2024-04-02,Selasa,April,Q2,2024
824,2024-04-03,RABU,April,Q2,2024
825,2024-04-04,Kamis,April,Q2,2024
826,2024-04-05,Jumat,April,Q2,2024
827,2024-04-06,Sabtu,April,Q2,2024
828,2024-04-07,Minggu,April,Q2,2024
829,2024-04-08,Senin,April,Q2,2024
830,2024-04-09,Selasa,April,Q2,2024
831,2024-04-10,Rabu,April,Q2,2024
832,2024-04-11,Kamis,April,Q2,2024
833,2024-04-12,Jumat,April,Q2,2024
834,2024-04-13,Sabtu,April,Q2,2024
835,2024-04-14,Minggu,April,Q2,2024
836,2024-04-15,Senin,April,Q2,2024
837,2024-04-16,Selasa,April,Q2,2024
838,2024-04-17,Rabu,April,Q2,2024
839,2024-04-18,Kamis,APRIL,Q2,2024
840,2024-04-19,Jumat,April,Q2,2024
841,2024-04-20,Sabtu,April,Q2,2024
842,2024-04-21,Minggu,April,Q2,2024
843,2024-04-22,Senin,April,Q2,2024
844,2024-04-23,Selasa,April,Q2,2024
845,2024-04-24,Rabu,April,Q2,2024
846,2024-04-25,Kamis,April,Q2,2024
847,2024-04-26,Jumat,April,Q2,2024
848,2024-04-27,Sabtu,April,Q2,2024
849,2024-04-28,Minggu,April,Q2,2024
850,2024-04-29,Senin,April,Q2,2024
851,2024-04-30,Selasa,April,Q2,2024
852,2024-05-01,Rabu,Mei,Q2,2024
853,2024-05-02,Kamis,Mei,Q2,2024
854,2024-05-03,Jumat,Mei,Q2,2024
855,2024-05-04,Sabtu,Mei,Q2,2024
856,2024-05-05,Minggu,Mei,Q2,2024
857,2024-05-06,Senin,Mei,Q2,2024
858,2024-05-07,Selasa,Mei,Q2,2024
859,2024-05-08,Rabu,Mei,Q2,2024
860,2024-05-09,Kamis,Mei,Q2,2024
861,2024-05-10,Jumat,Mei,Q2,2024
862,2024-05-11,Sabtu,Mei,Q2!!,2024
863,2024-05-12,Minggu,Mei,Q2,2024
864,2024-05-13,Senin,Mei,Q2,2024
865,2024-05-14,Selasa,Mei,Q2,2024
866,2024-05-15,Rabu,Mei,Q2,2024
867,,Kamis,Mei,Q2,2024
868,2024-05-17,Jumat,Mei,Q2,2024
869,2024-05-18,Sabtu,Mei,Q2,2024
870,2024-05-19,Minggu!!,Mei,Q2,2024
871,2024-05-20,Senin,Mei,Q2,2024
872,2024-05-21,Selasa,Mei,Q2,2024
873,2024-05-22,Rabu,Mei,Q2,2024
874,2024-05-23,Kamis,Mei,Q2,2024
875,2024-05-24,Jumat,Mei,Q2,2024
876,2024-05-25,Sabtu,Mei,Q2,2024
877,2024-05-26,Minggu,Mei,Q2,2024
878,2024-05-27,Senin,Mei,Q2,2024
879,2024-05-28,Selasa,Mei,Q2,2024
880,2024-05-29,RABU,Mei,Q2,2024
881,2024-05-30,Kamis,Mei,Q2,2024
882,2024-05-31,Jumat,Mei,Q2,2024
883,2024-06-01,Sabtu,Juni,Q2,2024
884,2024-06-02,Minggu,Juni,Q2,2024
885,2024-06-03,Senin,Juni,Q2,2024
886,2024-06-04,Selasa,Juni,Q2,2024
887,2024-06-05,Rabu,Juni,Q2,2024
888,2024-06-06,Kamis,Juni,Q2,2024
889,2024-06-07,Jumat,Juni,Q2,2024
890,2024-06-08,Sabtu,Juni,Q2,2024
891,2024-06-09,MINGGU,Juni,Q2,2024
892,2024-06-10,Senin,Juni,Q2,2024
893,2024-06-11,Selasa,Juni,Q2,2024
894,2024-06-12,Rabu,Juni,Q2,2024
895,2024-06-13,Kamis,Juni,Q2,2024
896,2024-06-14,Jumat,Juni,Q2,2024
897,2024-06-15,Sabtu,Juni,Q2,2024
898,2024-06-16,Minggu,Juni,Q2,2024
899,2024-06-17,Senin,Juni,Q2,2024
900,2024-06-18,Selasa,Juni,Q2,2024
901,2024-06-19,Rabu,Juni,Q2,2024
902,2024-06-20,Kamis,Juni,Q2,2024
903,2024-06-21,Jumat,Juni,Q2,2024
904,2024-06-22,Sabtu!!,Juni,Q2,2024
905,2024-06-23,Minggu,Juni,Q2,2024
906,2024-06-24,Senin,Juni,Q2,2024
907,2024-06-25,Selasa,Juni,Q2,2024
908,2024-06-26,Rabu,Juni,Q2,2024
909,2024-06-27,Kamis,Juni,Q2,2024
910,2024-06-28,Jumat,Juni,Q2,2024
911,2024-06-29,Sabtu,Juni,Q2,2024
912,2024-06-30,Minggu,Juni,Q2,2024
913,2024-07-01,SENIN,Juli,Q3,2024
914,2024-07-02,Selasa,Juli,Q3,2024
915,2024-07-03,Rabu,Juli,Q3,2024
916,2024-07-04,Kamis,Juli,Q3,2024
917,2024-07-05,Jumat,Juli,Q3,2024
918,2024-07-06,Sabtu,Juli,Q3,2024
919,2024-07-07,Minggu,Juli,Q3,2024
920,2024-07-08,Senin,JULI,Q3,2024
921,2024-07-09,Selasa,Juli,Q3,2024
922,2024-07-10,Rabu,Juli,Q3,2024
923,2024-07-11,Kamis,Juli,Q3,2024
924,2024-07-12,Jumat,Juli,Q3,2024
925,2024-07-13,Sabtu,Juli,Q3,2024
926,2024-07-14,Minggu,Juli,Q3,2024
927,2024-07-15,Senin,Juli,Q3,2024
928,2024-07-16,Selasa,Juli,Q3,2024
929,2024-07-17,Rabu,Juli,Q3,2024
930,2024-07-18,Kamis,Juli,Q3,2024
931,2024-07-19,Jumat,Juli,Q3,2024
932,2024-07-20,Sabtu,Juli,Q3,2024
933,2024-07-21,Minggu,Juli,Q3,2024
934,2024-07-22,Senin,Juli,Q3,2024
935,2024-07-23,Selasa,Juli,Q3,2024
936,2024-07-24,Rabu,Juli,Q3,2024
937,2024-07-25,Kamis,Juli!!,Q3,2024
938,2024-07-26,Jumat,Juli,Q3,2024
939,2024-07-27,Sabtu,Juli,Q3,2024
940,2024-07-28,Minggu,Juli,Q3,2024
941,,Senin,Juli,Q3,2024
942,2024-07-30,Selasa,Juli,Q3,2024
943,2024-07-31,Rabu,Juli,Q3,2024
944,2024-08-01,Kamis,Agustus,Q3,2024
945,2024-08-02,Jumat,Agustus,Q3,2024
946,2024-08-03,Sabtu,Agustus,Q3,2024
947,2024-08-04,Minggu,Agustus,Q3,2024
948,2024-08-05,Senin,Agustus,Q3,2024
949,2024-08-06,Selasa,Agustus,Q3,2024
950,2024-08-07,Rabu,Agustus,Q3,2024
951,2024-08-08,Kamis,Agustus,Q3,2024
952,2024-08-09,Jumat,Agustus,Q3,2024
953,2024-08-10,Sabtu,Agustus,Q3,2024
954,2024-08-11,Minggu,Agustus,Q3,2024
955,2024-08-12,Senin,Agustus,Q3,2024
956,2024-08-13,Selasa,Agustus,Q3,2024
957,2024-08-14,Rabu,Agustus,Q3,2024
958,2024-08-15,Kamis,Agustus,Q3,2024
959,2024-08-16,Jumat,Agustus,Q3,2024
960,2024-08-17,Sabtu,Agustus,Q3,2024
961,2024-08-18,Minggu,Agustus,Q3,2024
962,2024-08-19,Senin,Agustus,Q3,2024
963,2024-08-20,Selasa,Agustus,Q3,2024
964,2024-08-21,Rabu,Agustus,Q3,2024
965,2024-08-22,Kamis,Agustus,Q3,2024
966,,Jumat,Agustus,Q3,2024
967,2024-08-24,Sabtu,Agustus,Q3,2024
968,2024-08-25,Minggu,Agustus,Q3,2024
969,2024-08-26,Senin,Agustus,Q3,2024
970,2024-08-27,Selasa,Agustus,Q3,2024
971,2024-08-28,Rabu,Agustus,Q3,2024
972,2024-08-29,Kamis,Agustus,Q3,2024
973,2024-08-30,Jumat,Agustus,Q3,2024
974,2024-08-31,Sabtu,Agustus,Q3,2024
975,2024-09-01,Minggu,September,Q3,2024
976,2024-09-02,Senin,September,Q3,2024
977,2024-09-03,Selasa,September,Q3,2024
978,2024-09-04,Rabu,September,Q3,2024
979,2024-09-05,Kamis,September,Q3,2024
980,,Jumat,September,Q3,2024
981,2024-09-07,Sabtu,September,Q3,2024
982,2024-09-08,Minggu,September,Q3,2024
983,2024-09-09,Senin,September,Q3,2024
984,2024-09-10,Selasa,September,Q3,2024
985,2024-09-11,Rabu,September,Q3,2024
986,2024-09-12,Kamis,September,Q3,2024
987,2024-09-13,Jumat,September,Q3,2024
988,2024-09-14,Sabtu,September,Q3,2024
989,,Minggu,September,Q3,2024
990,2024-09-16,Senin,September,Q3,2024
991,2024-09-17,Selasa,September,Q3,2024
992,2024-09-18,Rabu,September,Q3,2024
993,2024-09-19,Kamis,September,Q3,2024
994,,Jumat,September,Q3,2024
995,2024-09-21,Sabtu,September,Q3,2024
996,2024-09-22,Minggu,September,Q3,2024
997,2024-09-23,Senin,September,Q3,2024
998,2024-09-24,Selasa,September,Q3,2024
999,2024-09-25,Rabu,September,Q3,2024
1000,2024-09-26,Kamis,September,Q3,2024
1001,2024-09-27,Jumat,September,Q3,2024
1002,2024-09-28,Sabtu,September,Q3,2024
1003,2024-09-29,Minggu,September,Q3,2024
1004,2024-09-30,Senin,September,Q3,2024
1005,2024-10-01,Selasa,Oktober,Q4,2024
1006,2024-10-02,Rabu,Oktober,Q4,2024
1007,2024-10-03,Kamis,Oktober,Q4,2024
1008,2024-10-04,Jumat,Oktober,Q4,2024
1009,2024-10-05,Sabtu,Oktober,Q4,2024
1010,2024-10-06,Minggu,Oktober,Q4,2024
1011,2024-10-07,Senin,Oktober,Q4,2024
1012,2024-10-08,Selasa,Oktober,Q4,2024
1013,2024-10-09,Rabu,Oktober,Q4,2024
1014,2024-10-10,Kamis,Oktober,Q4,2024
1015,2024-10-11,Jumat,Oktober,Q4,2024
1016,2024-10-12,Sabtu,Oktober,Q4,2024
1017,2024-10-13,Minggu,Oktober,Q4,2024
1018,2024-10-14,Senin,Oktober,Q4,2024
1019,2024-10-15,Selasa,Oktober,Q4,2024
1020,2024-10-16,Rabu,Oktober,Q4,2024
1021,2024-10-17,Kamis,Oktober,Q4,2024
1022,2024-10-18,Jumat,Oktober,Q4,2024
1023,2024-10-19,Sabtu,Oktober,Q4,2024
1024,2024-10-20,Minggu,Oktober,Q4,2024
1025,2024-10-21,Senin,Oktober,Q4,2024
1026,2024-10-22,Selasa,Oktober,Q4,2024
1027,2024-10-23,Rabu,Oktober,Q4,2024
1028,2024-10-24,Kamis,Oktober,Q4,2024
1029,2024-10-25,Jumat,Oktober,Q4,2024
1030,2024-10-26,Sabtu,Oktober,Q4,2024
1031,2024-10-27,Minggu,Oktober,Q4,2024
1032,2024-10-28,Senin,Oktober,Q4,2024
1033,2024-10-29,Selasa,Oktober,Q4,2024
1034,2024-10-30,Rabu,Oktober,Q4,2024
1035,2024-10-31,Kamis,Oktober,Q4,2024
1036,2024-11-01,Jumat,November,Q4,2024
1037,2024-11-02,Sabtu,November,Q4,2024
1038,2024-11-03,Minggu,November,Q4,2024
1039,2024-11-04,Senin,November,Q4,2024
1040,2024-11-05,Selasa,November,Q4,2024
1041,2024-11-06,Rabu,November,Q4,2024
1042,2024-11-07,Kamis,November,Q4,2024
1043,2024-11-08,Jumat,November,Q4,2024
1044,2024-11-09,SABTU,November,Q4,2024
1045,2024-11-10,Minggu,November,Q4,2024
1046,2024-11-11,Senin,November,Q4,2024
1047,2024-11-12,Selasa,November,Q4,2024
1048,2024-11-13,Rabu,November,Q4,2024
1049,2024-11-14,Kamis,November,Q4,2024
1050,2024-11-15,Jumat,November,Q4,2024
1051,2024-11-16,Sabtu,November,Q4,2024
1052,2024-11-17,Minggu,November,Q4,2024
1053,2024-11-18,Senin,November,Q4,2024
1054,2024-11-19,Selasa,November,Q4,2024
1055,,Rabu,November,Q4,2024
1056,2024-11-21,Kamis,November,Q4,2024
1057,2024-11-22,Jumat,November,Q4,2024
1058,2024-11-23,Sabtu,November,Q4,2024
1059,2024-11-24,Minggu,November,Q4,2024
1060,2024-11-25,Senin,November,Q4,2024
1061,2024-11-26,Selasa,November,Q4,2024
1062,2024-11-27,Rabu,November,Q4,2024
1063,2024-11-28,Kamis,November,Q4,2024
1064,2024-11-29,Jumat,November,Q4,2024
1065,2024-11-30,Sabtu,November,Q4,2024
1066,2024-12-01,Minggu,Desember,Q4,2024
1067,2024-12-02,Senin,Desember,Q4,2024
1068,2024-12-03,Selasa,Desember,Q4,2024
1069,2024-12-04,Rabu,Desember,Q4,2024
1070,2024-12-05,Kamis,Desember,Q4,2024
1071,2024-12-06,Jumat,Desember,Q4,2024
1072,2024-12-07,Sabtu,Desember,Q4,2024
1073,2024-12-08,Minggu,Desember,Q4,2024
1074,2024-12-09,Senin,Desember,Q4,2024
1075,2024-12-10,Selasa,Desember,Q4,2024
1076,2024-12-11,Rabu,Desember,Q4,2024
1077,2024-12-12,Kamis,Desember,Q4,2024
1078,2024-12-13,Jumat,Desember,Q4,2024
1079,2024-12-14,Sabtu,Desember,Q4,2024
1080,2024-12-15,Minggu,Desember,Q4,2024
1081,2024-12-16,Senin,Desember,Q4,2024
1082,2024-12-17,Selasa,Desember,Q4,2024
1083,2024-12-18,Rabu,Desember,Q4,2024
1084,2024-12-19,Kamis,Desember,Q4,2024
1085,2024-12-20,Jumat,Desember,Q4,2024
1086,2024-12-21,Sabtu,Desember,Q4,2024
1087,2024-12-22,Minggu,Desember,Q4,2024
1088,,Senin,Desember,Q4,2024
1089,2024-12-24,Selasa,Desember,Q4,2024
1090,,Rabu,Desember,Q4,2024
1091,2024-12-26,Kamis,Desember,Q4,2024
1092,2024-12-27,Jumat,Desember,Q4,2024
1093,2024-12-28,Sabtu,Desember,Q4,2024
1094,2024-12-29,Minggu,Desember,Q4,2024
1095,2024-12-30,Senin,Desember,Q4,2024
1096,2024-12-31,Selasa,Desember,Q4,2024
